,precision,recall,f1-score,support
Acura,0.1636,0.125,0.1417,72.0
Aston Martin,0.122,0.1064,0.1136,47.0
Audi,0.2827,0.3068,0.2943,176.0
BMW,0.1831,0.1635,0.1728,159.0
Bentley,0.1642,0.1549,0.1594,71.0
Buick,0.0417,0.0213,0.0282,47.0
Chevrolet,0.2703,0.3444,0.3029,270.0
Chrysler,0.0606,0.0513,0.0556,78.0
Dodge,0.1872,0.2021,0.1944,188.0
Ferrari,0.2745,0.2857,0.28,49.0
Ford,0.1918,0.1806,0.186,155.0
GMC,0.0877,0.0704,0.0781,71.0
Honda,0.1471,0.1042,0.122,48.0
Hyundai,0.1878,0.2595,0.2179,131.0
Jeep,0.3684,0.4308,0.3972,65.0
Lamborghini,0.25,0.25,0.25,48.0
Mercedes-Benz,0.1375,0.1429,0.1401,77.0
Nissan,0.0278,0.0196,0.023,51.0
Suzuki,0.0323,0.02,0.0247,50.0
Toyota,0.0667,0.04,0.05,50.0
accuracy,0.2007,0.2007,0.2007,0.2007
macro avg,0.1623,0.164,0.1616,1903.0
weighted avg,0.1875,0.2007,0.1924,1903.0
