param_clf__C,param_clf__class_weight,param_pca__n_components,mean_train_score,mean_test_score,std_test_score,mean_fit_time,rank_test_score
0.01,,512,0.47035103315350113,0.16838369165673311,0.004590894112714045,2.709053134918213,1
0.001,balanced,512,0.3840239257132265,0.1640452773464808,0.0038367462514822376,1.8906115531921386,2
0.001,,512,0.3502798946706504,0.16222293086945425,0.006766463741391383,2.021450901031494,3
0.1,,512,0.4955667660716947,0.1584038689928744,0.005257579959044827,2.995267915725708,4
0.01,balanced,512,0.45023077203258816,0.1550803750296889,0.005722902524162095,2.317449998855591,5
0.1,balanced,512,0.46628748355363686,0.14650272572545933,0.005277251765961321,1.9806594848632812,6
0.1,,128,0.22586331813209015,0.1378730521973026,0.011107773751954483,0.9468635559082031,7
0.01,,128,0.22275368565381615,0.13705171732730856,0.010195473014499766,0.9252073764801025,8
0.01,balanced,128,0.21654946774488196,0.13494202683720186,0.007558294697649566,0.9902603149414062,9
0.1,balanced,128,0.2168404343055727,0.134302940167436,0.007200564315897872,0.9230454444885254,10
0.001,balanced,128,0.21055047109177433,0.13207176857844524,0.007376397946973894,0.8238864421844483,11
0.001,,128,0.18591945083592112,0.12645839014141597,0.007651288294453676,0.9323423385620118,12
