epoch,phase,lr,train_loss,train_acc,train_macro_f1,val_loss,val_acc,val_macro_f1,epoch_time_s
1,head,0.001,2.257936664249586,0.3426177536231884,0.3100969681924578,1.9912705637052357,0.4616193480546793,0.4315450687606905,72.9
2,head,0.001,1.8403409468954888,0.524796195652174,0.512846083239207,1.8399221626365974,0.5094637223974764,0.5048496299424097,72.3
3,finetune,0.0001,1.4888660458550937,0.6756114130434783,0.6653652278049218,1.4434404483478278,0.7024185068349106,0.7013813687424674,77.6
4,finetune,9.829629131445342e-05,1.076549662196118,0.8478260869565217,0.8431818121603545,1.090256322570905,0.844900105152471,0.8442952913495929,76.8
5,finetune,9.330127018922194e-05,0.8673243051853733,0.9326313405797102,0.9318492876885152,0.9762603522099155,0.8869610935856993,0.8820263753103414,77.1
6,finetune,8.535533905932738e-05,0.7614507908406465,0.9766757246376812,0.9767598877577635,0.9424168782780724,0.8958990536277602,0.8916453886879662,77.4
7,finetune,7.500000000000001e-05,0.7146235652591871,0.988677536231884,0.9885035663802059,0.8965166474993171,0.9116719242902208,0.9057984038028184,77.6
8,finetune,6.294095225512603e-05,0.6875018619972727,0.994338768115942,0.995020699752813,0.8695287932607528,0.9185068349106204,0.9169600436606956,81.6
9,finetune,5.0000000000000016e-05,0.6686258639978326,0.996490036231884,0.9966062827135168,0.8559119647484347,0.9258675078864353,0.9213556918251198,77.7
10,finetune,3.705904774487397e-05,0.6569351929685344,0.997848731884058,0.9982086134495838,0.846089102366996,0.9295478443743428,0.9257538470323381,77.7
11,finetune,2.500000000000001e-05,0.647648417863293,0.9985280797101449,0.9986399938545496,0.8343411400741834,0.9321766561514195,0.9285314757572184,80.9
12,finetune,1.4644660940672627e-05,0.64250054480373,0.9990942028985508,0.9992402313270266,0.8333993641861355,0.9316508937960042,0.926103263041926,80.4
13,finetune,6.698729810778065e-06,0.6383463161579077,0.9992074275362319,0.9992990314376149,0.8310671824135364,0.9332281808622502,0.9283892709830381,78.0
14,finetune,1.7037086855465844e-06,0.6360277511935303,0.9996603260869565,0.9997106138030766,0.8298306315353867,0.9327024185068349,0.92739544936643,78.3
15,finetune,0.0,0.6356488803158635,0.9998867753623188,0.9999020641079627,0.8288547036901006,0.9337539432176656,0.9284157342999091,80.9
