make,images,kept
Chevrolet,1799,True
Dodge,1253,True
Audi,1169,True
BMW,1055,True
Ford,1035,True
Hyundai,871,True
Mercedes-Benz,518,True
Chrysler,516,True
Acura,482,True
GMC,473,True
Bentley,472,True
Jeep,438,True
Nissan,341,True
Suzuki,333,True
Toyota,332,True
Ferrari,326,True
Honda,321,True
Lamborghini,319,True
Aston Martin,314,True
Buick,314,True
Volkswagen,263,False
Volvo,260,False
Cadillac,257,False
Rolls-Royce,226,False
Spyker,175,False
Land Rover,170,False
HUMMER,165,False
Bugatti,152,False
Infiniti,133,False
FIAT,122,False
Mitsubishi,95,False
Jaguar,93,False
Eagle,92,False
Daewoo,90,False
AM General,89,False
Geo,89,False
McLaren,88,False
Plymouth,88,False
Fisker,87,False
Porsche,87,False
Scion,83,False
Ram,82,False
Isuzu,80,False
smart,80,False
Lincoln,78,False
Tesla,77,False
MINI,73,False
Mazda,72,False
Maybach,58,False
