,Logistic Regression,Random Forest,ResNet18,ViT-Small
GMC,0.0781,0.0526,0.8696,0.8462
Mercedes-Benz,0.1401,0.0253,0.84,0.8831
Acura,0.1417,0.0274,0.8811,0.8921
Honda,0.122,0.0,0.9032,0.8958
Toyota,0.05,0.0,0.9184,0.9072
Chrysler,0.0556,0.0,0.9054,0.915
Suzuki,0.0247,0.0,0.8571,0.9167
Hyundai,0.2179,0.0426,0.9112,0.9195
Dodge,0.1944,0.1364,0.8804,0.9202
Chevrolet,0.3029,0.2612,0.9107,0.9211
Buick,0.0282,0.0,0.9574,0.9263
BMW,0.1728,0.1761,0.9394,0.9288
Nissan,0.023,0.0,0.9167,0.9307
Jeep,0.3972,0.4211,0.9323,0.9385
Ford,0.186,0.0462,0.8742,0.9551
Aston Martin,0.1136,0.0,0.9231,0.9556
Audi,0.2943,0.2362,0.9474,0.9638
Bentley,0.1594,0.0278,0.965,0.979
Lamborghini,0.25,0.08,0.9684,0.9792
Ferrari,0.28,0.1379,0.9505,0.9897
