true,predicted,count
GMC,Chevrolet,11
Dodge,Chevrolet,5
Dodge,Ford,4
Dodge,Mercedes-Benz,4
Mercedes-Benz,Dodge,4
Chevrolet,Dodge,3
Chrysler,Dodge,3
GMC,Dodge,2
Honda,BMW,2
Hyundai,BMW,2
Hyundai,Buick,2
Hyundai,Chevrolet,2
Hyundai,Honda,2
Jeep,GMC,2
Honda,Chevrolet,2
Dodge,Chrysler,2
Acura,Audi,2
Acura,BMW,2
Acura,Hyundai,2
BMW,Honda,2
BMW,Audi,2
BMW,Chevrolet,2
Toyota,Acura,2
Suzuki,Hyundai,2
Toyota,Hyundai,2
Mercedes-Benz,Chrysler,2
Mercedes-Benz,Audi,2
Suzuki,Chevrolet,2
Buick,Ford,1
Audi,Mercedes-Benz,1
BMW,Acura,1
Aston Martin,Lamborghini,1
Aston Martin,Chevrolet,1
Aston Martin,BMW,1
Audi,BMW,1
Aston Martin,Acura,1
Acura,Honda,1
Acura,Mercedes-Benz,1
Acura,Nissan,1
Acura,Bentley,1
Buick,Chevrolet,1
Bentley,BMW,1
BMW,Hyundai,1
BMW,Buick,1
Audi,Dodge,1
Chrysler,Chevrolet,1
Chrysler,Bentley,1
Chevrolet,Mercedes-Benz,1
Buick,Hyundai,1
Chevrolet,Acura,1
Chevrolet,BMW,1
Chevrolet,Ford,1
Chevrolet,GMC,1
Chevrolet,Hyundai,1
Chevrolet,Jeep,1
Ford,Suzuki,1
GMC,Audi,1
Ford,GMC,1
Ford,Nissan,1
Ford,Chrysler,1
Ford,Chevrolet,1
Ferrari,Chevrolet,1
Ford,BMW,1
Chrysler,Jeep,1
Chevrolet,Nissan,1
Chevrolet,Suzuki,1
Chevrolet,Toyota,1
Chrysler,Audi,1
Chrysler,BMW,1
GMC,Toyota,1
Honda,Buick,1
Lamborghini,Audi,1
Jeep,Chevrolet,1
Jeep,Audi,1
Hyundai,Toyota,1
Hyundai,Dodge,1
Hyundai,Mercedes-Benz,1
GMC,Ford,1
Mercedes-Benz,BMW,1
Nissan,Jeep,1
Nissan,Hyundai,1
Nissan,Dodge,1
Nissan,BMW,1
Suzuki,Mercedes-Benz,1
Suzuki,Ford,1
Toyota,Chevrolet,1
Toyota,Jeep,1
